ACT230,0.08729746663778871
ACT240,0.00010114645675668245
ANA300,0.07710698710882455
ANA301,0.11217104304225517
ANT100,0.10033070354053193
ANT200,0.14904069923423915
ANT203,0.07177259686342227
ANT204,0.07924144060247952
ANT207,0.13559147919981254
ANT208,0.0920786595759595
ANT253,0.09117900586428834
ANT322,0.042453264827879034
APM236,0.08481279045784293
APM306,0.06971512412484634
APM346,0.0597989487091209
APM462,0.06612618827537688
APM466,0.023691694445600694
AST101,0.1019657231595953
AST121,0.05429555899275119
AST201,0.10553820491745158
AST210,0.1526264186607044
AST221,0.0689653305799139
AST222,0.07507644270809781
AST251,0.09835602944255849
BCH210,0.05081179543543923
BCH242,0.15971599295582428
BCH311,0.06299138785321838
BCH340,0.14277455627328076
BCH370,0.06416453125426522
BCH441,0.12443431162852994
BIO120,0.09253682761713562
BIO130,0.08215080900606903
BIO220,0.0780391822533934
BIO230,0.061729425480303
BIO251,0.06716807782585969
BIO255,0.11032580011949703
BIO260,0.03736393820907346
BIO270,0.06276618110429405
BIO271,0.06343922277476582
CHM135,0.07838449200942378
CHM136,0.08502640340601175
CHM151,0.08774830704152557
CHM217,0.143570536411923
CHM220,0.06982844728138254
CHM222,0.07224434691738
CHM223,0.11124879807692307
CHM238,0.13081461756290186
CHM247,0.07244049600012056
CHM249,0.11209985299777579
CHM310,0.10523376746710081
CIN105,0.08125525868319072
CIN201,0.06520509281191558
CIN211,0.08112929894179895
CJH332,0.12107558698097087
CLA160,0.09616028604127577
CLA201,0.08407992476487554
CLA203,0.08263874628457961
CLA204,0.08457844859646454
CLA230,0.08583550347222221
CLA231,0.07226484470744675
COG250,0.07430358905250901
CRI205,0.04407263357784191
CRI225,0.04865410052910053
CSB201,0.08878432922152284
CSB202,0.06275793650793651
CSB327,0.08048596431686071
CSB328,0.021492617066410924
CSB329,0.14364108383693897
CSB330,0.053578552768359135
CSB331,0.1676951389658695
CSB346,0.11084036180304892
CSB349,0.0626761624959356
CSB351,0.14348291096038127
CSB352,0.11251089486216803
CSB353,0.07592845339591339
CSB472,0.10495888313670858
CSC104,0.10263539287247707
CSC108,0.0992904502547945
CSC110,0.09760520802718764
CSC111,0.12656557205808358
CSC120,0.07477009126247776
CSC148,0.06552878081159644
CSC165,0.06831098879219538
CSC199,0.09438780517552907
CSC207,0.06241646286438815
CSC209,0.06656955265860096
CSC236,0.054959731992512556
CSC240,0.06989611955188543
CSC258,0.05183965009318925
CSC263,0.060271703581851896
CSC265,0.07414503502942925
CSC300,0.0617206827657177
CSC301,0.08166249489547432
CSC302,0.12857825926037708
CSC303,0.07030921234436859
CSC304,0.05325798096020114
CSC309,0.0874878056074042
CSC311,0.07376371485980952
CSC318,0.08767998898524626
CSC320,0.06579735797247908
CSC324,0.07064968472283886
CSC336,0.08306360818752032
CSC343,0.06535442418802041
CSC367,0.06088058462950198
CSC369,0.07075624671080646
CSC373,0.0570538497034617
CSC384,0.07041608184079204
CSC385,0.14509799497640408
CSC401,0.057190864972773564
CSC404,0.18732884954810872
CSC410,0.05441646388213317
CSC412,0.058753768543159286
CSC413,0.045960738607797424
CSC420,0.06223226346988398
CSC428,0.06847823798461299
CSC438,0.13188297730708448
CSC443,0.04298415763154742
CSC448,0.04211024087997773
CSC454,0.15172993783095695
CSC458,0.04628921823385964
CSC463,0.06654682878738247
CSC465,0.10214038072313376
CSC469,0.02595982421717716
CSC473,0.08717389481169262
CSC485,0.06350102462283284
CSC486,0.019023042929292928
CSC488,0.08774328714343156
CSC490,0.09072119070979326
CSC491,0.1200664513176418
CSC494,0.07699196103590361
DTS200,0.12348456101190478
EAS100,0.11329891480401684
EAS103,0.0935602952575177
EAS105,0.06236901273546974
EAS110,0.08722176816826988
EAS120,0.07878988616436003
ECO101,0.043877632138282385
ECO102,0.04375704939566402
ECO105,0.09126200781368647
ECO200,0.08119313191670534
ECO202,0.06996048456525972
ECO204,0.06350998555541323
ECO206,0.10448393362920226
ECO208,0.11542779143914378
ECO209,0.08188837175032737
ECO210,0.09491172825374215
ECO220,0.08862435674794948
ECO227,0.07423878330802496
ECO313,0.027901441798941808
ECO314,0.06924242424242424
ECO316,0.13225616952039043
ECO320,0.06625791133965907
ECO324,0.09371492120614928
ECO325,0.11253093909691131
ECO326,0.08813786960761166
ECO331,0.07961865179573513
ECO333,0.089109410430839
ECO349,0.06349778917476621
ECO358,0.05255901832378591
ECO359,0.052923517400523576
ECO364,0.04995466111791941
ECO365,0.04388727269386992
ECO372,0.07995361278778154
ECO374,0.05077336322513791
ECO375,0.07511759060886754
ECO380,0.07106631390129414
ECO407,-0.0006983024691358022
ECO461,0.05428654813064828
ECO475,-0.02335021845438512
EEB202,0.1183785404920409
EEB208,0.03150089530592582
EEB214,0.09779124116423327
EEB215,0.16378058154793138
EEB225,0.07091448057003065
EEB263,0.14361226055257564
EEB267,0.09825376783710119
EEB325,0.1868603446206585
EEB375,0.09377777777777777
EEB386,0.14573151162521283
ENG100,0.08309113790949034
ENG102,0.09646391014739229
ENG110,0.08249234457671957
ENG140,0.14804504599582952
ENG150,0.1428876672582912
ENG202,0.18925913573762837
ENG215,0.12142897681476113
ENG220,0.2256580687830688
ENG234,0.19421191005903019
ENG235,0.12999624605979423
ENG237,0.0965617193278416
ENG239,0.09506139496036982
ENG252,0.1592126381039196
ENG287,0.11062889181903732
ENV100,0.08964390886081604
ENV200,0.07153516960267566
ENV221,0.08969907407407408
ENV222,0.0667013888888889
ENV234,0.025077174272486773
ESS103,0.1698161280467191
ESS104,0.11366420454545456
ESS105,0.12679496130939297
ESS205,0.0612830747742115
FAH230,0.03884656144563301
FAH245,0.11031186868686868
FAH313,0.11204207396173328
FOR200,0.08181459617823256
FOR201,0.15276803322339036
FOR303,0.006944444444444445
FSL100,0.07292793825878566
FSL102,0.07673515732704045
FSL121,0.10067190916228051
FSL221,0.07102631658555335
FSL321,0.06185946359014779
GER100,0.11454873203121659
GGR101,0.1199337509500137
GGR107,0.06972782913913429
GGR112,0.11383712401352977
GGR124,0.11010629696196289
GGR252,0.14302079540126214
GGR272,0.08899807889555914
GGR305,0.09860376726448154
GGR314,-0.0021702628968253966
HIS102,0.08984998147609781
HIS103,0.12365950643530034
HIS109,0.14124340286288492
HIS241,0.15868296116961433
HIS242,0.17921259182643945
HIS244,0.13829947058314832
HIS262,0.038403384038800704
HIS280,0.09808414690468262
HMB200,0.0846340693191246
HMB201,-0.02117173721340388
HMB202,0.05855095800949325
HMB203,0.11070664359693494
HMB204,0.06757328682592237
HMB265,0.053415906710184105
HMB300,0.1089744254778707
HMB302,0.08967860119946632
HMB306,0.15950788909313726
HMB310,0.08998126391648356
HMB312,0.11353984393641406
HMB314,0.04894146153068149
HMB320,0.06854319928090834
HMB342,0.022092860647543285
HMB360,0.07994814814814814
HMB402,0.1594919962879761
HMB436,0.04665532879818594
HMB496,0.07920061253034107
HMB499,-0.01633790966529062
HPS100,0.08638659894773161
HPS110,0.07854311297622041
HPS120,0.05022230786267493
HPS200,0.11840464059479376
HPS202,0.12131288079204748
HPS210,0.07322866482881668
HPS211,0.09744910205535204
HPS222,0.0880776925095107
HPS250,0.10313187450575662
HPS260,0.12798306540103416
HPS318,0.017425390967057634
HPS390,-0.0038858699959552225
HPS391,0.02980567552316173
HST209,0.1768764977867983
IMC200,0.03638705206830207
IMM250,0.08604040415118036
IMM340,0.10374131343519834
IMM350,0.07115810746644849
INI103,0.06774501431230928
INI104,0.12833489177311294
INI300,0.09267964741662658
ITA100,0.018269191439652558
JEG100,0.07014901641673185
JGI216,0.12152169025997149
JHA410,0.13384245958421406
JHE353,0.13828341720008389
JLP374,0.07846263333712385
JSU237,0.14610369855012711
LAT101,0.10707916276632765
LAT102,0.06908572605346243
LIN101,0.09943542994413457
LIN102,0.0918048447947857
LIN200,0.0607894437092012
LIN203,0.10095776026980428
LIN204,0.03775543100956461
LMP301,0.10149126287428442
MAT133,0.0708137452289409
MAT135,0.062120607307733826
MAT136,0.05513254181712329
MAT137,0.08085270758455454
MAT138,0.09409653869203126
MAT157,0.08282544800417982
MAT221,0.10534898011546953
MAT223,0.08464634389539462
MAT224,0.07952694516559401
MAT235,0.05315197567132085
MAT237,0.07544286926409322
MAT240,0.09668192858781875
MAT244,0.05622748119299244
MAT246,0.06015000686321049
MAT247,0.09325450211614311
MAT257,0.07469189086856627
MAT267,0.06395497565661434
MAT271,0.043907377344877346
MAT301,0.0744664594485608
MAT309,0.05937992766661774
MAT315,0.08433119766399406
MAT327,0.1084561248841087
MAT329,0.10337100074404762
MAT332,0.07249649327842467
MAT334,0.05064006005150612
MAT335,0.08085504611791502
MAT336,0.07648957104403876
MAT337,0.07219296843047864
MAT344,0.08545186794640791
MAT347,0.09922336622214427
MAT354,0.06649609352374507
MAT357,0.09308316711085432
MAT363,0.0917158107538929
MAT367,0.07985691588690319
MAT390,0.03865054430863255
MAT391,0.027997482784304487
MAT401,0.021931948951464254
MAT436,0.07366231261022926
MAT457,0.09372439074842623
MAT475,0.18023317625661373
MGT100,0.061438930889903
MGT201,0.027699572253143682
MGY200,0.05779900749442463
MGY250,0.08968075317231364
MGY277,0.10562399896967443
MGY280,0.1392083293270935
MGY311,0.14488291293653752
MGY314,0.1471203955862193
MGY377,0.05487266985811339
MGY378,0.06453359793800971
MGY470,0.1510953734407668
MIJ485,0.09005579030714418
MUS110,0.16940805969608752
MUS111,0.1466772377463092
MUS120,0.08598836701347204
MUS200,0.047738715277777774
MUS204,0.12460937500000001
MUS211,0.1685221467391304
MUS306,0.09120507154882156
NEW335,0.08487565386002886
NFS284,0.08949372897752142
NFS302,0.09391745876937835
NFS382,0.12341478702039528
NFS386,0.11875006613756614
NMC101,0.1097268162459406
NMC102,0.05227213541666666
NML110,0.0894855095473585
PCL102,0.08602563183737783
PCL200,0.10130677904947386
PCL201,0.11400325198589563
PCL218,0.08424886621315193
PHL100,0.11970290095389616
PHL101,0.18510602261091097
PHL200,0.06563252323073752
PHL201,0.08272548085343903
PHL205,0.12409273145285049
PHL206,0.05388412557984555
PHL210,0.06446936921662923
PHL217,0.15238243976041596
PHL232,0.1318203208383481
PHL233,0.1066995981595436
PHL235,0.012931307118807118
PHL240,0.11676841854973963
PHL243,0.06056880230522342
PHL245,0.1062295021329934
PHL246,0.03991507940362613
PHL265,0.09505552709510388
PHL271,0.0859007505704091
PHL273,0.0685278379028379
PHL275,0.09631759098374422
PHL281,0.1345092920292468
PHL342,0.04108162118883192
PHL345,0.06811965491973306
PHS100,0.0914588585791551
PHY100,0.10844034382523564
PHY131,0.08303939249181103
PHY132,0.09261884594653862
PHY151,0.08549922725429816
PHY152,0.08779404657539754
PHY202,0.09191361961451247
PHY205,0.16133847323862205
PHY207,0.10210109000405053
PHY224,0.08882073271354457
PHY250,0.07833514528512588
PHY252,0.05601571388365853
PHY254,0.02593672491350159
PHY256,0.028955427656472462
PHY324,0.08558962489128422
PHY356,0.03767526599775115
POL101,0.08838388430962725
POL200,0.05412291281489203
POL201,0.10135352346066631
POL208,0.07549947446024695
POL214,0.12891634410882202
POL222,0.03670418144465764
POL224,0.16011842694342696
POL312,0.10393534265558076
POL326,0.13269195116318133
POL340,0.02424974088962184
POL380,0.0780654761904762
POL380,0.0780654761904762
PSL190,0.12738975651540949
PSL201,0.04990669879062736
PSL280,0.18108025647448256
PSL300,0.06250726547630767
PSL301,0.08108093988820936
PSL350,0.06324399200887296
PSL372,0.08636953591161071
PSL462,0.09772222567768545
PSL470,0.07840384219866978
PSY100,0.09258112068468222
PSY201,0.07827542448351278
PSY202,0.06543219529618705
PSY210,0.10812924408166583
PSY220,0.09336618329873803
PSY230,0.12306732188237358
PSY240,0.09730574329782207
PSY260,0.10025342003752115
PSY270,0.0806270740522798
PSY280,0.06370705238980316
PSY290,0.07685699069219092
PSY320,0.08074551528974287
PSY326,0.08494720017636685
PSY328,0.08381138980618147
PSY372,0.0756372248782963
PSY390,0.06848716222600151
PSY405,0.09906593213884883
PSY405,0.09906593213884883
PSY493,0.10623832968294998
PSY494,0.11441567978636945
RLG100,0.12372814240234818
RLG101,0.07792708995680799
RLG203,0.08105596641013306
RLG204,0.08735588118524627
RSM100,0.05056499983261
RSM219,0.12770599112795483
RSM222,0.10173489664335082
RSM230,0.07283924697097748
RSM250,0.06050103500996358
RSM260,0.07895935331203188
RSM332,0.0834586114375354
SLA100,0.17997903818513938
SMC199,0.08991655412164866
SMC219,0.15269727891156462
SMC301,0.14052083333333332
SOC100,0.0952668865747795
SOC150,0.11932664219587344
SOC202,0.07484729029159301
SOC212,0.10985121569702487
SOC243,0.047956403318903315
SPA100,0.10994805800571328
SPA220,0.0677016359861846
SPA320,0.06798438367188367
STA130,0.10094394987339232
STA201,0.10861621642652344
STA220,0.06663370087644135
STA221,0.04793077676603368
STA237,0.06254932320509647
STA238,0.0653879032482292
STA247,0.04556747002126135
STA248,0.050828249808228906
STA255,0.05326880619906298
STA257,0.0615986194027312
STA261,0.0744232376044892
STA288,0.06482880811360821
STA302,0.05798016574619836
STA303,0.09323020112473447
STA304,0.05253772565469905
STA305,0.05513620125698778
STA314,0.06074571089517592
STA347,0.05192871966925056
STA355,0.06350211230143353
STA365,0.14186853165419988
STA410,0.09923825491149448
STA414,0.09129927462557952
STA437,0.07307398237380515
STA442,0.11452440014341254
STA447,0.1196974829683287
STA452,0.11819897581047527
STA457,0.05154504139218585
STA465,0.12495024651274651
STA480,0.11977528258778258
STA490,0.08800734126984128
TRN250,0.03999758464832461
VIC275,0.15108551732658876
WGS271,0.0531347570736723
